City,Cloudiness,Country,Date,Humidity,Lat,Lng,Max Temp,Wind Speed,Max Temp(F)
Donauwörth,13,DE,1586679912,71,48.7,10.8,291.48,0.5,64.99400000000007
Hobart,75,AU,1586679673,67,-42.88,147.33,287.15,4.6,57.2
Ilulissat,100,GL,1586679913,60,69.22,-51.1,277.15,10.8,39.2
Moerai,16,PF,1586679913,82,-22.43,-151.33,300.47,1.92,81.17600000000009
Ponta Delgada,40,PT,1586679914,77,37.73,-25.67,288.15,7.2,59.0
Lebu,2,CL,1586679914,80,-37.62,-73.65,281.36,4.35,46.77800000000006
Bathsheba,20,BB,1586679915,74,13.22,-59.52,299.15,8.7,78.8
Caucayá,25,CO,1586679915,92,-0.19,-74.78,295.18,0.9,71.65400000000005
Plouzané,0,FR,1586679916,100,48.38,-4.62,285.15,2.1,53.6
Dumai,97,ID,1586679702,54,1.68,101.45,305.71,1.72,90.608
Tshikapa,100,CD,1586679916,57,-6.42,20.8,302.89,1.3,85.53200000000001
Dikson,100,RU,1586679917,96,73.51,80.55,266.99,6.67,20.912000000000056
Huejuquilla el Alto,15,MX,1586679917,37,22.6,-103.87,283.81,3.05,51.188000000000045
Blyth,100,GB,1586679918,81,55.13,-1.51,286.48,1.5,55.99400000000007
Port Alfred,88,ZA,1586679918,47,-33.59,26.89,298.71,4.02,78.00800000000001
Faanui,100,PF,1586679919,74,-16.48,-151.75,301.1,5.82,82.31000000000009
Liverpool,75,GB,1586679651,93,53.41,-2.98,287.04,1.5,57.00200000000008
Ushuaia,40,AR,1586679919,74,-54.8,-68.3,276.15,3.6,37.4
Atuona,19,PF,1586679920,68,-9.8,-139.03,301.04,2.61,82.20200000000008
Anadyr,90,RU,1586679920,78,64.75,177.48,261.15,6.0,10.399999999999999
Sakaraha,100,MG,1586679921,33,-22.9,44.53,303.92,3.09,87.38600000000007
Ukiah,1,US,1586679921,93,39.15,-123.21,284.82,2.1,53.00600000000003
Hofn,48,IS,1586679922,86,64.25,-15.21,271.6,4.17,29.210000000000083
Hong Kong,3,HK,1586679832,40,22.29,114.16,299.26,6.7,78.99800000000002
Halifax,20,CA,1586679688,92,44.65,-63.57,275.37,4.6,35.99600000000005
Iqaluit,90,CA,1586679923,85,63.75,-68.51,267.15,6.2,21.2
Sinop Province,0,TR,1586679923,41,41.77,34.87,281.92,1.66,47.78600000000007
Albany,20,US,1586679924,68,42.6,-73.97,273.15,1.5,32.0
São João da Barra,98,BR,1586679924,92,-21.64,-41.05,294.16,4.86,69.81800000000008
Moindou,90,NC,1586679925,94,-21.69,165.68,295.15,1.5,71.6
Yangi Marg`ilon,96,UZ,1586679925,35,40.43,71.72,295.15,3.1,71.6
Arraial do Cabo,99,BR,1586679926,68,-22.97,-42.03,295.91,1.52,72.96800000000009
Carutapera,100,BR,1586679926,84,-1.2,-46.02,299.4,2.9,79.25
Tiksi,23,RU,1586679927,89,71.69,128.87,256.62,3.06,2.2460000000000484
Husavik,90,IS,1586679927,63,66.04,-17.34,272.15,3.6,30.2
Cape Town,75,ZA,1586679844,68,-33.93,18.42,293.71,2.1,69.00800000000001
Vostok,37,RU,1586679928,46,46.49,135.88,278.69,2.0,41.97200000000004
Steíri,0,GR,1586679929,59,38.4,22.72,292.59,1.79,66.99199999999999
Puerto Ayora,53,EC,1586679929,90,-0.74,-90.35,298.71,1.34,78.00800000000001
Bredasdorp,1,ZA,1586679929,40,-34.53,20.04,295.15,13.9,71.6
Sirte,63,LY,1586679930,43,31.21,16.59,291.92,2.94,65.78600000000007
Orël-Izumrud,20,RU,1586679930,62,43.46,39.92,285.15,3.0,53.6
Cabedelo,40,BR,1586679931,94,-6.98,-34.83,297.15,1.5,75.2
Pevek,13,RU,1586679931,89,69.7,170.31,259.24,5.7,6.962000000000057
Punta Arenas,20,CL,1586679724,87,-53.15,-70.92,279.15,6.2,42.8
Bintulu,75,MY,1586679932,75,3.17,113.03,305.15,4.1,89.6
Qaqortoq,100,GL,1586679933,35,60.72,-46.03,279.15,27.8,42.8
Busselton,39,AU,1586679933,40,-33.65,115.33,297.04,5.58,75.00200000000008
Nikolskoye,40,RU,1586679933,48,59.7,30.79,279.15,4.0,42.8
Hithadhoo,40,MV,1586679934,67,-0.6,73.08,302.8,4.06,85.37000000000006
Aksarka,89,RU,1586679937,93,66.56,67.8,268.41,2.12,23.468000000000085
Merauke,100,ID,1586679938,85,-8.47,140.33,300.68,3.06,81.55400000000006
Srednekolymsk,95,RU,1586679938,96,67.45,153.68,270.64,2.18,27.482000000000017
Podporozh'ye,7,RU,1586679939,63,60.91,34.17,277.57,3.6,39.95600000000003
Yulara,88,AU,1586679939,13,-25.24,130.99,307.15,4.1,93.2
East London,100,ZA,1586679939,44,-33.02,27.91,299.15,2.6,78.8
Tegul'det,0,RU,1586679940,47,57.31,88.17,282.86,3.69,49.478000000000065
Hermanus,61,ZA,1586679940,58,-34.42,19.23,293.15,7.15,68.0
Barrow,90,US,1586679941,86,71.29,-156.79,271.15,6.7,28.4
Bitaogan,20,PH,1586679941,49,6.77,126.08,306.15,3.6,91.4
Mahébourg,40,MU,1586679942,66,-20.41,57.7,302.15,8.2,84.2
Myitkyina,45,MM,1586679942,13,25.38,97.4,311.96,1.66,101.858
Bluff,98,NZ,1586679942,89,-46.6,168.33,288.15,2.5,59.0
Najrān,35,SA,1586679943,21,17.49,44.13,305.15,3.6,89.6
Chui,1,UY,1586679943,88,-33.7,-53.46,287.4,1.28,57.65
Qaanaaq,100,GL,1586679944,74,77.48,-69.36,263.27,2.57,14.216000000000008
Maricá,75,BR,1586679754,93,-22.92,-42.82,292.15,1.0,66.2
Mabay,20,PH,1586679945,59,6.06,124.47,305.15,5.1,89.6
George Town,20,MY,1586679722,67,5.41,100.34,307.15,4.6,93.2
Tabuk,58,PH,1586679946,66,17.42,121.44,299.6,5.49,79.61000000000008
Cidreira,0,BR,1586679946,78,-30.18,-50.21,289.93,1.74,62.20400000000005
Pak Chong,35,TH,1586679947,34,14.71,101.42,308.45,1.7,95.54000000000002
Mayo,1,US,1586679947,87,38.89,-76.51,282.59,2.1,48.992
Torbay,5,CA,1586679853,96,47.67,-52.73,273.15,6.7,32.0
Nālūt,0,LY,1586679948,17,30.33,10.85,297.87,4.59,76.49600000000005
Pouembout,35,NC,1586679949,80,-21.13,164.9,297.44,1.13,75.72200000000004
Upernavik,100,GL,1586679949,86,72.79,-56.15,268.42,3.43,23.486000000000068
Manggar,46,ID,1586679950,75,-2.88,108.27,302.22,3.07,84.32600000000009
Beringovskiy,100,RU,1586679950,95,63.05,179.32,261.92,4.39,11.786000000000069
Jamestown,1,US,1586679682,64,42.1,-79.24,281.48,3.1,46.99400000000007
Muros,75,ES,1586679951,93,42.78,-9.06,287.59,2.6,57.992
Castro,88,BR,1586679951,70,-24.79,-50.01,285.87,2.06,54.89600000000005
Beyneu,8,KZ,1586679952,48,45.32,55.2,286.8,8.96,56.570000000000064
Aksu,57,CN,1586679952,11,41.12,80.26,298.14,2.09,76.98200000000001
Durango,0,MX,1586679953,25,24.83,-104.83,281.08,4.91,46.274000000000015
Asău,7,RO,1586679953,37,46.43,26.4,287.59,1.0,57.992
Arlit,0,NE,1586679954,8,18.74,7.39,309.18,6.78,96.85400000000006
Mayskiy,20,RU,1586679954,25,47.69,40.1,283.15,9.0,50.0
Norman Wells,75,CA,1586679955,38,65.28,-126.83,269.15,3.1,24.8
Camalú,50,MX,1586679955,67,30.85,-116.07,285.93,0.45,55.004000000000055
Trairi,99,BR,1586679956,87,-3.28,-39.27,299.01,3.2,78.54800000000003
Esna,13,EG,1586679956,29,25.29,32.55,297.15,3.1,75.2
Mar del Plata,99,AR,1586679798,100,-38.0,-57.56,286.48,2.1,55.99400000000007
Prieska,24,ZA,1586679957,20,-29.66,22.75,296.31,6.31,73.68800000000005
Mandapeta,20,IN,1586679958,47,16.87,81.93,308.15,2.1,95.0
Avarua,42,CK,1586679958,94,-21.21,-159.78,299.15,2.1,78.8
Chumikan,2,RU,1586679958,68,54.72,135.31,278.43,0.35,41.504000000000055
Bariloche,15,AR,1586679959,80,-41.15,-71.31,272.15,2.6,30.2
Yaan,100,NG,1586679959,58,7.38,8.57,301.61,3.23,83.22800000000007
Bandarbeyla,32,SO,1586679960,63,9.49,50.81,302.94,4.18,85.62200000000004
Shimoda,75,JP,1586679962,87,34.67,138.95,285.15,5.1,53.6
Lorengau,38,PG,1586679962,74,-2.02,147.27,302.07,2.9,84.05600000000003
Jumla,5,NP,1586679963,87,29.27,82.18,293.71,0.45,69.00800000000001
Casa Nova,100,BR,1586679963,75,-9.42,-41.13,297.25,3.06,75.38000000000004
Rikitea,34,PF,1586679964,83,-23.12,-134.97,298.82,5.0,78.20600000000003
Tasiilaq,75,GL,1586679964,58,65.61,-37.64,270.15,8.7,26.6
Longyearbyen,20,SJ,1586679872,64,78.22,15.64,253.15,3.1,-3.9999999999999503
Ostrovnoy,0,RU,1586679965,93,68.05,39.51,269.06,6.45,24.638000000000044
Saint Paul Harbor,90,US,1586679966,86,57.79,-152.41,277.15,8.7,39.2
New Norfolk,75,AU,1586679966,67,-42.78,147.06,287.15,4.6,57.2
Pailón,0,BO,1586679967,82,-17.65,-62.75,290.15,1.0,62.6
Shilovo,22,RU,1586679967,61,54.32,40.87,278.16,7.19,41.018000000000086
Lazarev,34,RU,1586679969,96,52.23,141.51,271.65,4.63,29.3
Souillac,40,MU,1586679969,66,-20.52,57.52,302.15,8.2,84.2
Cascais,20,PT,1586679798,87,38.7,-9.42,289.26,5.1,60.998000000000026
Vaini,20,TO,1586679970,83,-21.2,-175.2,296.15,2.1,73.4
Haines Junction,42,CA,1586679971,81,60.75,-137.51,267.33,1.6,21.52400000000001
Hilo,90,US,1586679971,73,19.73,-155.09,297.15,1.5,75.2
Saint-Philippe,26,RE,1586679972,69,-21.36,55.77,300.15,8.7,80.6
Havelock,1,US,1586679972,81,34.88,-76.9,284.82,2.17,53.00600000000003
Bengkulu,47,ID,1586679973,72,-3.8,102.27,302.92,2.95,85.58600000000007
San Patricio,73,MX,1586679973,62,19.22,-104.7,296.21,2.71,73.50800000000001
Lagoa,31,PT,1586679974,79,39.05,-27.98,289.12,4.37,60.74600000000005
Eureka,90,US,1586679975,81,40.8,-124.16,283.71,2.1,51.008
Straumen,75,NO,1586679976,61,63.87,11.3,282.15,12.3,48.2
Teguise,20,ES,1586679976,59,29.06,-13.56,292.15,6.7,66.2
Tuktoyaktuk,69,CA,1586679977,95,69.45,-133.04,261.37,4.79,10.79600000000005
Mount Gambier,90,AU,1586679977,66,-37.83,140.77,286.15,2.6,55.4
Bonnyville,75,CA,1586679978,52,54.27,-110.73,265.15,2.6,17.6
Vigeland,75,NO,1586679978,93,58.08,7.3,281.15,4.1,46.4
Binzhou,0,CN,1586679979,24,37.37,118.02,290.37,1.34,62.99600000000005
Kapaa,90,US,1586679979,73,22.08,-159.32,296.15,4.6,73.4
Kulhudhuffushi,32,MV,1586679980,68,6.62,73.07,302.97,5.12,85.67600000000009
Airai,100,TL,1586679980,76,-8.93,125.41,291.05,0.48,64.22000000000006
Thompson,90,CA,1586679981,78,55.74,-97.86,260.15,3.1,8.600000000000001
Pringsewu,65,ID,1586679981,69,-5.36,104.97,304.03,0.85,87.58399999999999
Saint-Augustin,9,CA,1586679981,95,51.23,-58.65,268.45,4.36,23.54000000000002
Havøysund,100,NO,1586679982,54,71.0,24.66,272.15,2.6,30.2
Zeerust,0,ZA,1586679982,44,-25.54,26.08,298.15,3.6,77.0
Deep River,40,CA,1586679983,74,46.1,-77.5,272.15,1.5,30.2
Tura,31,IN,1586679983,13,25.52,90.22,309.02,1.92,96.566
Mataura,90,NZ,1586679984,89,-46.19,168.86,288.15,1.48,59.0
Nome,90,US,1586679721,92,64.5,-165.41,272.15,4.1,30.2
Vagay,100,RU,1586679985,56,57.94,69.02,285.21,3.12,53.708000000000006
Jhang,86,PK,1586679985,35,33.67,72.7,304.26,5.1,87.99800000000002
Statesboro,75,US,1586679986,87,32.45,-81.78,288.15,2.53,59.0
Carnarvon,31,AU,1586679986,70,-24.87,113.63,302.15,6.7,84.2
Nantucket,1,US,1586679987,55,41.28,-70.1,277.15,3.1,39.2
Lunel,51,FR,1586679987,72,43.68,4.14,288.15,3.1,59.0
Saskylakh,100,RU,1586679988,96,71.92,114.08,266.42,7.32,19.88600000000007
Bethel,1,US,1586679991,79,41.37,-73.41,276.15,1.56,37.4
Esperance,100,AU,1586679991,73,-33.87,121.9,296.15,5.1,73.4
The Pas,40,CA,1586679992,71,53.83,-101.25,260.15,1.5,8.600000000000001
Kondoa,95,TZ,1586679993,53,-4.9,35.78,294.81,2.48,70.98800000000004
Salta,0,AR,1586679993,93,-24.79,-65.41,288.15,1.0,59.0
Saint George,1,US,1586679900,58,37.1,-113.58,287.59,2.45,57.992
Clyde River,75,CA,1586679994,84,70.47,-68.59,256.15,7.2,1.3999999999999986
Oistins,20,BB,1586679994,74,13.07,-59.53,299.15,8.7,78.8
Tripoli,0,LY,1586679920,53,32.88,13.19,290.91,5.64,63.96800000000009
Sibu,75,MY,1586679995,63,2.3,111.82,306.15,4.6,91.4
Yellowknife,5,CA,1586679996,70,62.46,-114.35,255.93,3.6,1.0040000000000546
Dingle,57,PH,1586679997,64,11.0,122.67,302.63,2.77,85.06400000000004
Bergen,75,NO,1586679997,87,60.39,5.33,280.37,8.2,44.99600000000005
Leningradskiy,100,RU,1586679998,88,69.38,178.42,263.05,1.94,13.82000000000006
Turukhansk,100,RU,1586679998,97,65.82,87.98,275.78,5.88,36.733999999999995
Avera,1,US,1586679999,100,33.19,-82.53,286.15,2.1,55.4
Hamilton,90,US,1586679922,81,39.18,-84.53,283.15,2.42,50.0
Cherskiy,91,RU,1586680000,95,68.75,161.3,265.67,5.35,18.53600000000007
Sittwe,74,MM,1586680000,56,20.15,92.9,303.97,7.8,87.47600000000008
Mossamedes,2,AO,1586680001,55,-15.2,12.15,300.2,0.99,80.69000000000003
Ribeira Grande,40,PT,1586680001,82,38.52,-28.7,288.15,3.6,59.0
Marsassoum,75,SN,1586680002,100,12.83,-15.98,295.15,2.1,71.6
Berlevåg,100,NO,1586680002,91,70.86,29.09,271.5,5.74,29.03000000000004
Baijiantan,30,CN,1586680003,22,45.63,85.18,293.39,2.18,68.43200000000002
Adrar,0,MR,1586680004,24,20.5,-10.07,298.82,6.25,78.20600000000003
Yerbogachën,0,RU,1586680004,61,61.28,108.01,278.2,2.8,41.09000000000002
Sibolga,100,ID,1586680005,72,1.74,98.78,302.46,1.13,84.75800000000001
Labuan,75,MY,1586680005,74,5.28,115.24,304.15,2.1,87.8
Flinders,0,AU,1586680006,67,-34.58,150.86,290.37,2.1,62.99600000000005
Weligama,12,LK,1586680006,66,5.97,80.42,303.9,3.58,87.35
Aranos,0,NA,1586680006,15,-24.13,19.12,301.05,2.44,82.22000000000006
Dispur,40,IN,1586680007,38,26.14,91.79,305.15,2.6,89.6
Bambuí,5,BR,1586680008,78,-20.01,-45.98,290.0,2.05,62.33000000000004
Vestmanna,94,FO,1586680008,69,62.16,-7.17,275.15,7.2,35.6
Vestmannaeyjar,100,IS,1586680009,84,63.44,-20.27,277.66,6.82,40.11800000000009
Saiha,5,IN,1586680009,12,22.48,92.97,308.04,3.11,94.80200000000008
Nanortalik,100,GL,1586680010,77,60.14,-45.24,276.19,16.59,37.47200000000004
Nurota,100,UZ,1586680010,82,40.56,65.69,290.15,7.2,62.6
Genhe,0,CN,1586680011,22,50.78,121.52,289.27,2.73,61.016000000000005
Chumphon,40,TH,1586680011,39,10.33,98.83,311.15,3.6,100.4
Vila Franca do Campo,40,PT,1586680012,77,37.72,-25.43,288.15,7.2,59.0
Istok,0,XK,1586680012,43,42.78,20.49,288.71,0.5,60.008
Argentan,0,FR,1586680013,63,48.75,-0.02,290.37,1.0,62.99600000000005
Khatanga,98,RU,1586679845,92,71.97,102.5,269.82,13.26,26.00600000000003
Lüderitz,0,NA,1586680013,53,-26.65,15.16,295.15,2.6,71.6
Kuching,40,MY,1586679998,66,1.55,110.33,305.15,3.6,89.6
Cody,90,US,1586680014,73,44.53,-109.06,270.15,5.1,26.6
San Matías,0,BO,1586680015,70,-16.37,-58.4,294.19,0.48,69.87200000000004
Fort Nelson,75,CA,1586680015,49,58.81,-122.7,270.15,2.6,26.6
Puerto Escondido,5,MX,1586680016,63,15.85,-97.07,298.6,2.01,77.81000000000009
Rafai,100,CF,1586680018,74,4.95,23.92,297.57,1.0,75.95600000000003
Caravelas,1,BR,1586680019,86,-17.71,-39.25,297.96,1.63,76.658
Atar,0,MR,1586680020,25,20.52,-13.05,299.49,6.11,79.41200000000006
Porto Santo,74,PT,1586680020,77,33.07,-16.34,290.15,6.7,62.6
Codrington,100,AU,1586680020,72,-38.27,141.97,285.62,3.64,54.44600000000005
Opuwo,0,NA,1586680021,38,-18.06,13.84,299.48,5.95,79.39400000000008
Linjiang,2,CN,1586680021,33,41.81,126.91,284.61,4.07,52.628000000000064
Luwuk,15,ID,1586679751,63,-0.95,122.79,303.22,1.07,86.12600000000009
Acarí,67,PE,1586680023,71,-15.43,-74.62,295.15,0.99,71.6
Kaniama,95,CD,1586680024,61,-7.57,24.18,299.51,2.08,79.44800000000002
Newport,100,GB,1586679789,82,51.59,-3.0,288.71,2.1,60.008
Shache,11,CN,1586680024,8,38.42,77.24,300.33,3.38,80.924
Ixtapa,5,MX,1586680025,88,20.7,-105.2,293.15,2.1,68.0
Huron,90,US,1586680026,45,41.15,-82.55,284.15,4.1,51.8
Lira,98,UG,1586680027,27,2.23,32.91,307.68,0.94,94.15400000000005
Ballina,13,AU,1586679946,72,-28.87,153.57,291.15,2.6,64.4
São José da Coroa Grande,81,BR,1586680028,80,-8.9,-35.15,299.79,3.37,79.95200000000008
Chokurdakh,37,RU,1586680028,95,70.63,147.92,263.39,4.95,14.432000000000016
Maybole,40,GB,1586680029,93,55.35,-4.68,282.04,1.83,48.00200000000008
Kudahuvadhoo,93,MV,1586680029,67,2.67,72.89,302.45,2.82,84.74000000000002
Wawa,83,NG,1586680030,53,9.9,4.42,303.75,1.42,87.08000000000004
Salalah,40,OM,1586679862,62,17.02,54.09,303.15,7.2,86.0
Ponta do Sol,75,PT,1586680031,67,32.67,-17.1,290.15,5.7,62.6
Bagdarin,99,RU,1586680031,36,54.43,113.6,281.67,3.78,47.33600000000007
Tuatapere,99,NZ,1586680032,89,-46.13,167.68,288.15,2.55,59.0
Zhuanghe,0,CN,1586680032,40,39.7,122.99,285.6,1.63,54.41000000000008
Hare Bay,40,CA,1586680033,80,48.85,-54.01,272.15,6.7,30.2
Kibaya,99,TZ,1586680033,60,-5.3,36.57,292.15,2.48,66.2
Neryungri,100,RU,1586680034,69,56.67,124.65,273.63,5.37,32.86400000000003
Mackenzie,1,CA,1586680034,67,55.3,-123.17,267.15,1.03,21.2
Karpathos,20,GR,1586680034,64,35.51,27.21,293.15,5.1,68.0
Mankono,19,CI,1586680035,58,8.06,-6.19,301.98,1.62,83.89400000000008
Korla,45,CN,1586680035,11,41.76,86.15,297.51,3.81,75.84800000000003
Kaseda-shirakame,75,JP,1586680036,93,31.42,130.32,287.15,4.1,57.2
Bambous Virieux,40,MU,1586680036,66,-20.34,57.76,302.15,8.2,84.2
Riohacha,58,CO,1586680036,78,11.54,-72.91,299.01,4.37,78.54800000000003
Lavrentiya,99,RU,1586680037,98,65.58,-171.0,271.37,3.34,28.79600000000005
Robāţ Karīm,40,IR,1586680037,19,35.48,51.08,292.15,3.1,66.2
Rawson,0,AR,1586680038,41,-43.3,-65.1,284.9,4.12,53.15
Fernández,0,AR,1586680038,61,-27.92,-63.89,287.97,3.21,58.67600000000009
Steamboat Springs,90,US,1586680039,41,40.48,-106.83,275.15,4.1,35.6
Svetlaya,59,RU,1586680039,77,46.54,138.33,276.43,0.44,37.90400000000005
Formosa,0,AR,1586680039,100,-26.18,-58.18,285.15,1.0,53.6
Narón,90,ES,1586680040,100,43.52,-8.15,284.82,0.5,53.00600000000003
Dédougou,0,BF,1586680040,33,12.47,-3.47,307.12,4.12,93.14600000000004
Butaritari,100,KI,1586680041,78,3.07,172.79,301.21,6.21,82.50800000000001
Brae,92,GB,1586680041,70,60.4,-1.35,279.15,10.8,42.8
Show Low,20,US,1586680042,86,34.25,-110.03,277.59,7.2,39.992
Alugan,7,PH,1586680042,66,12.22,125.48,301.43,3.19,82.90400000000005
Togur,24,RU,1586680043,73,58.36,82.83,280.22,2.4,44.72600000000009
Pandan,1,PH,1586680045,72,14.05,124.17,301.41,2.26,82.86800000000008
Monte Carmelo,0,BR,1586680046,74,-18.72,-47.5,289.44,1.17,61.32200000000004
Nha Trang,20,VN,1586680046,79,12.25,109.18,304.15,6.2,87.8
Port Lincoln,100,AU,1586680047,61,-34.73,135.87,287.95,3.05,58.64000000000002
Hukeri,40,IN,1586680047,26,16.23,74.6,307.15,3.1,93.2
Hasaki,90,JP,1586680048,76,35.73,140.83,285.37,5.1,53.99600000000005
Bryanka,4,UA,1586680048,50,48.51,38.67,280.1,8.14,44.51000000000008
Naze,75,JP,1586680049,72,28.37,129.48,291.15,7.7,64.4
Vuktyl,100,RU,1586680049,94,63.86,57.31,271.73,2.59,29.444000000000074
Saint-Pierre,16,RE,1586680050,69,-21.34,55.48,300.15,8.7,80.6
Grajaú,100,BR,1586680050,90,-5.82,-46.14,296.83,0.61,74.62400000000001
Tessalit,8,ML,1586680050,8,20.2,1.01,308.89,3.99,96.33200000000002
Verāval,0,IN,1586680051,33,20.9,70.37,308.06,5.43,94.83800000000005
Palmer,1,US,1586680051,68,42.16,-72.33,273.71,1.19,33.008
La Louvière,2,BE,1586680052,54,50.47,4.16,291.48,3.1,64.99400000000007
Mitsamiouli,86,KM,1586680052,72,-11.38,43.28,302.31,6.04,84.48800000000004
Santiago del Estero,1,AR,1586680053,65,-27.8,-64.26,288.17,2.97,59.03600000000007
Olinda,40,BR,1586680053,83,-8.01,-34.86,300.15,1.5,80.6
Rayong,20,TH,1586680054,63,12.83,101.43,309.82,6.2,98.00600000000003
College,75,US,1586680054,68,64.86,-147.8,274.26,1.02,33.998000000000026
Laguna,75,US,1586680055,87,38.42,-121.42,285.37,1.5,53.99600000000005
Soubre,30,CI,1586680055,75,5.79,-6.61,300.85,0.72,81.86000000000008
Noshiro,75,JP,1586680055,61,40.2,140.02,282.15,3.6,48.2
Bucerías,5,MX,1586680056,88,20.75,-105.33,293.15,2.1,68.0
Santa Maria,5,BR,1586680056,90,-29.68,-53.81,284.58,1.24,52.57400000000001
Constitución,3,CL,1586680057,72,-35.33,-72.42,283.1,2.65,49.91000000000008
Port-Gentil,20,GA,1586680057,78,-0.72,8.78,301.15,2.1,82.4
Conceição do Araguaia,100,BR,1586680058,87,-8.26,-49.26,296.42,0.51,73.88600000000007
Kirakira,100,SB,1586680058,78,-10.45,161.92,300.77,1.84,81.71600000000001
Pilar,70,BR,1586680059,88,-9.6,-35.96,296.65,1.73,74.3
Cayenne,75,GF,1586680059,83,4.93,-52.33,299.15,2.1,78.8
Socorro,20,US,1586680060,46,31.65,-106.3,285.15,6.2,53.6
Cabo San Lucas,35,MX,1586680040,73,22.89,-109.91,289.82,1.79,62.00600000000003
Bixby,75,US,1586680060,87,35.94,-95.88,288.15,4.1,59.0
Seymchan,73,RU,1586680061,93,62.88,152.43,268.64,1.99,23.882000000000016
Montélimar,81,FR,1586680062,58,44.56,4.75,287.15,5.1,57.2
Samarai,28,PG,1586680062,72,-10.62,150.67,299.4,2.84,79.25
Saint Anthony,90,US,1586680062,55,45.02,-93.22,279.15,6.7,42.8
Karratha,9,AU,1586680063,48,-20.74,116.85,304.17,8.87,87.83600000000007
Shetpe,33,KZ,1586680063,40,44.17,52.12,284.52,7.24,52.46600000000001
Puerto Baquerizo Moreno,2,EC,1586680064,88,-0.9,-89.6,298.58,2.57,77.77400000000002
Severo-Kuril'sk,100,RU,1586680064,95,50.68,156.12,271.7,2.55,29.390000000000022
Mabaruma,100,GY,1586680065,76,8.2,-59.78,297.97,2.48,76.67600000000009
Fortuna,90,US,1586680065,93,40.6,-124.16,283.71,2.6,51.008
Oskemen,0,KZ,1586680065,33,49.96,82.61,288.15,2.0,59.0
Yumen,17,CN,1586680066,10,40.28,97.2,291.53,2.54,65.08399999999999
Aklavik,90,CA,1586680067,62,68.22,-135.01,268.15,3.1,23.0
Nioro,21,GM,1586680067,50,13.35,-15.75,299.16,2.2,78.81800000000008
Palma di Montechiaro,0,IT,1586680068,100,37.19,13.77,293.15,1.79,68.0
Kahului,75,US,1586680069,78,20.89,-156.47,296.15,2.6,73.4
Along,42,IN,1586680071,23,28.17,94.77,303.71,1.2,87.00800000000001
Aykhal,92,RU,1586680072,51,66.0,111.5,277.15,5.0,39.2
San Cristobal,91,VE,1586680072,61,7.77,-72.22,292.94,0.95,67.62200000000004
Jinchang,100,CN,1586680072,13,38.5,102.17,288.4,4.14,59.45
Lompoc,90,US,1586679793,81,34.64,-120.46,286.48,3.1,55.99400000000007
Milledgeville,1,US,1586679980,81,33.08,-83.23,285.15,2.0,53.6
Provideniya,100,RU,1586680074,97,64.38,-173.3,270.76,1.91,27.698000000000025
Gonzalez,1,US,1586680075,83,30.58,-87.29,295.93,5.7,73.00400000000005
Vao,18,NC,1586680075,77,-22.67,167.48,298.51,6.08,77.64800000000002
Yar-Sale,67,RU,1586680076,94,66.83,70.83,266.49,1.79,20.012000000000057
Port Elizabeth,99,ZA,1586679848,49,-33.92,25.57,296.15,3.1,73.4
Fort-Shevchenko,100,KZ,1586680076,50,44.51,50.26,283.36,6.17,50.378000000000064
Otse,0,BW,1586680077,36,-25.02,25.73,299.15,0.5,78.8
Byron Bay,23,AU,1586680077,72,-28.65,153.62,293.71,2.6,69.00800000000001
Namatanai,98,PG,1586680078,73,-3.67,152.43,301.86,2.61,83.67800000000007
Junín,92,AR,1586680078,97,-34.58,-60.94,285.93,1.34,55.004000000000055
Mogadishu,75,SO,1586679829,59,2.04,45.34,305.15,5.1,89.6
Nyurba,52,RU,1586680079,72,63.28,118.33,276.21,2.97,37.508
Kruisfontein,100,ZA,1586680080,48,-34.0,24.73,296.26,11.13,73.59800000000003
Coquimbo,96,CL,1586680080,82,-29.95,-71.34,286.15,1.5,55.4
Kavieng,100,PG,1586680080,71,-2.57,150.8,302.66,2.71,85.11800000000008
Kameoka,75,JP,1586680081,87,35.0,135.58,282.15,3.6,48.2
Chicama,1,PE,1586680081,70,-7.84,-79.15,296.66,2.46,74.31800000000008
Kaitangata,100,NZ,1586680082,74,-46.28,169.85,288.15,0.45,59.0
Poum,8,NC,1586680082,72,-20.23,164.02,299.71,4.46,79.808
Hualmay,4,PE,1586680082,82,-11.1,-77.61,294.89,3.13,71.13200000000002
Los Llanos de Aridane,40,ES,1586680083,60,28.66,-17.92,293.15,4.6,68.0
Richards Bay,0,ZA,1586680083,48,-28.78,32.04,302.14,3.59,84.18200000000002
Rincon,90,US,1586680084,82,32.3,-81.24,293.15,2.37,68.0
Grandview,90,US,1586680084,93,38.89,-94.53,288.15,3.6,59.0
Cabrero,0,CL,1586680085,81,-37.03,-72.4,281.15,4.1,46.4
Dwārka,0,IN,1586680085,69,22.24,68.97,300.43,7.59,81.10400000000006
Fukuechō,75,JP,1586680085,81,32.69,128.84,285.15,7.7,53.6
Birjand,75,IR,1586680086,67,32.87,59.22,289.15,4.1,60.8
Alofi,17,NU,1586680086,83,-19.06,-169.92,297.15,2.1,75.2
Boralday,75,KZ,1586680087,31,43.36,76.86,296.15,6.0,73.4
Sibut,100,CF,1586680087,72,5.72,19.07,298.02,2.31,76.766
Tyrma,25,RU,1586680088,38,50.08,132.17,284.98,2.09,53.294000000000075
Fonte Boa,100,BR,1586680088,97,-2.5,-66.27,295.69,1.17,72.57200000000003
Jalingo,80,NG,1586680088,30,8.88,11.37,307.26,1.16,93.39800000000002
Denpasar,40,ID,1586680089,66,-8.65,115.22,304.15,2.6,87.8
Kayerkan,75,RU,1586680090,79,69.35,87.76,267.15,6.0,21.2
Grindavik,75,IS,1586680090,80,63.84,-22.43,274.15,2.6,33.8
Sar-e Pul,100,AF,1586680091,46,35.83,66.17,287.42,1.29,57.68600000000007
Campbell River,5,CA,1586680091,33,50.02,-125.24,280.15,2.6,44.6
Şabyā,75,SA,1586680091,66,17.15,42.63,304.15,4.1,87.8
Cassilândia,16,BR,1586680092,74,-19.11,-51.73,292.06,0.93,66.03800000000004
Yertsevo,0,RU,1586680092,67,60.8,40.09,275.99,0.39,37.11200000000006
Wattegama,10,LK,1586680093,49,6.8,81.48,306.31,3.16,91.68800000000005
Muhos,90,FI,1586680094,55,64.81,25.99,275.15,7.7,35.6
Yigou,0,CN,1586680096,19,35.81,114.32,295.39,5.38,72.03200000000001
Amarante do Maranhão,100,BR,1586680097,90,-5.57,-46.74,295.67,0.79,72.53600000000007
Panalingaan,34,PH,1586680097,70,8.78,117.42,302.06,3.72,84.03800000000004
Murgab,90,TM,1586680097,100,37.5,61.97,287.15,3.1,57.2
Camocim,93,BR,1586680098,92,-2.9,-40.84,297.61,2.08,76.02800000000006
Makakilo City,1,US,1586680098,94,21.35,-158.09,298.15,2.6,77.0
Shingū,75,JP,1586680099,87,33.73,135.98,283.15,3.6,50.0
Ziarat,96,PK,1586680099,15,30.38,67.73,293.12,4.87,67.94600000000005
Jacareacanga,97,BR,1586680100,92,-6.22,-57.75,296.14,0.08,73.38200000000002
Kropotkin,7,RU,1586680100,44,45.44,40.58,283.5,6.76,50.63000000000004
Dickinson,90,US,1586680101,88,29.46,-95.05,297.59,5.7,75.99199999999999
Half Moon Bay,90,US,1586679877,93,37.46,-122.43,286.15,2.25,55.4
Bull Savanna,4,JM,1586680101,75,17.89,-77.59,295.76,2.82,72.69800000000002
Alta Floresta,100,BR,1586680102,90,-9.88,-56.09,295.04,0.77,71.40200000000007
Port Blair,26,IN,1586680103,69,11.67,92.75,302.25,3.13,84.38000000000004
Fairbanks,1,US,1586680029,79,64.84,-147.72,274.26,1.07,33.998000000000026
Gondanglegi,100,ID,1586680104,70,-7.75,112.01,302.46,3.19,84.75800000000001
Lahad Datu,9,MY,1586680104,80,5.03,118.33,301.89,1.49,83.73200000000001
Paamiut,100,GL,1586680105,87,61.99,-49.67,275.63,1.61,36.464000000000034
Mitú,98,CO,1586679888,92,1.2,-70.17,295.26,0.45,71.79800000000003
Samsun Province,40,TR,1586680105,50,41.25,36.33,286.15,3.1,55.4
Cartagena,40,CO,1586679914,88,10.4,-75.51,300.15,1.5,80.6
Coria,10,ES,1586680106,85,39.99,-6.54,286.48,3.13,55.99400000000007
Mount Isa,18,AU,1586680107,13,-20.73,139.5,304.15,4.6,87.8
Bilibino,89,RU,1586680107,90,68.05,166.44,259.51,0.58,7.448000000000025
São Filipe,76,CV,1586680108,76,14.9,-24.5,296.57,4.26,74.15600000000003
Laas,20,IT,1586680108,93,46.62,10.7,288.15,1.0,59.0
Bridlington,99,GB,1586680109,76,54.08,-0.19,288.15,1.0,59.0
Dubinino,0,RU,1586680109,44,55.62,89.09,282.12,4.86,48.14600000000005
San Lazaro,51,BZ,1586680110,90,18.04,-88.66,297.72,1.81,76.22600000000008
Hambantota,8,LK,1586680111,66,6.12,81.12,303.95,6.04,87.44000000000003
Khovd,29,MN,1586680111,24,48.01,91.64,284.04,2.9,51.602000000000075
Catalina,1,US,1586680112,81,32.51,-110.92,282.15,1.34,48.2
Cumberland,1,US,1586680112,87,35.05,-78.87,283.71,1.5,51.008
Damietta,40,EG,1586680112,72,31.42,31.81,291.15,3.6,64.4
San Andrés,40,CO,1586680113,78,12.58,-81.7,301.15,3.1,82.4
Chissamba,20,AO,1586680113,82,-12.17,17.33,292.15,3.6,66.2
Evensk,79,RU,1586680114,92,61.95,159.23,260.4,0.73,9.05
Otradnoye,40,RU,1586680114,48,59.78,30.82,279.15,4.0,42.8
Ancud,75,CL,1586680115,100,-41.87,-73.82,275.15,2.1,35.6
Biskamzha,0,RU,1586680115,41,53.45,89.53,281.84,2.19,47.641999999999996
Bara,100,NG,1586680116,12,10.37,10.73,305.64,4.26,90.48200000000001
Presque Isle,1,US,1586680116,74,46.68,-68.02,272.04,1.5,30.002000000000077
Angoche,27,MZ,1586680117,64,-16.23,39.91,301.42,2.89,82.88600000000007
Zelenogorskiy,1,RU,1586680117,20,55.03,87.0,285.15,2.0,53.6
Baghdad,20,IQ,1586679839,36,33.34,44.4,297.15,4.6,75.2
Sur,28,OM,1586680118,33,22.57,59.53,305.89,1.9,90.93200000000002
Amapá,100,BR,1586680118,95,1.0,-52.0,295.08,0.95,71.47400000000002
San-Pédro,83,CI,1586680119,78,4.75,-6.64,301.0,1.11,82.13000000000004
Ous,100,RU,1586680119,71,60.91,61.52,281.73,2.46,47.444000000000074
Henties Bay,0,NA,1586680122,80,-22.12,14.28,292.59,0.89,66.99199999999999
Biak,8,ID,1586680122,65,-0.91,122.88,302.54,1.23,84.90200000000007
Anáhuac,11,MX,1586680123,75,27.23,-100.15,297.25,1.58,75.38000000000004
Prince Rupert,1,CA,1586680123,86,54.32,-130.32,274.15,2.1,33.8
Saldanha,15,ZA,1586680123,93,-33.01,17.94,291.15,1.0,64.4
Winnemucca,1,US,1586680124,26,40.97,-117.74,279.15,2.6,42.8
High Level,90,CA,1586680124,67,58.52,-117.14,267.15,3.6,21.2
Grand-Lahou,72,CI,1586680125,73,5.14,-5.02,301.57,0.98,83.15600000000003
Sørland,100,NO,1586680125,94,67.67,12.69,273.15,5.7,32.0
Tiznit Province,100,MA,1586680126,64,29.58,-9.5,287.76,2.11,58.29800000000002
Biltine,87,TD,1586680126,9,14.53,20.92,308.02,8.01,94.766
Christchurch,100,NZ,1586680126,45,-43.53,172.63,292.15,8.7,66.2
Manta,90,EC,1586680127,78,-0.95,-80.73,299.15,1.0,78.8
Camopi,100,GF,1586680127,91,3.17,-52.32,296.19,1.21,73.47200000000004
Serra,75,BR,1586680128,78,-20.13,-40.31,296.15,4.1,73.4
Pathein,99,MM,1586680128,31,16.78,94.73,307.91,5.79,94.56800000000008
San Policarpo,6,PH,1586680129,65,12.18,125.51,301.49,3.18,83.01200000000006
Tijāra,35,IN,1586680129,11,27.93,76.85,312.15,5.27,102.2
Cockburn Town,2,TC,1586680130,82,21.46,-71.14,298.88,5.88,78.31400000000004
Isangel,29,VU,1586680130,71,-19.55,169.27,298.79,2.93,78.15200000000007
Qui Nhon,89,VN,1586680130,72,13.77,109.23,301.65,4.69,83.3
Tarrafal,40,CV,1586680131,78,15.28,-23.77,295.15,5.1,71.6
Klyuchevskiy,0,RU,1586680131,28,53.53,119.45,286.71,3.45,56.408
Leshukonskoye,30,RU,1586680132,84,64.9,45.76,273.53,1.41,32.68399999999999
Nemuro,20,JP,1586680132,64,43.32,145.57,275.15,3.6,35.6
Gamba,83,GA,1586680133,72,-2.65,10.0,300.6,3.79,81.41000000000008
Balma,75,FR,1586680133,76,43.61,1.5,289.26,2.6,60.998000000000026
Cocachacra,95,PE,1586680134,76,-17.09,-71.76,294.82,1.65,71.00600000000003
Brigantine,1,US,1586680134,74,39.41,-74.36,281.48,1.5,46.99400000000007
Jiwani,5,PK,1586680135,64,25.05,61.74,299.69,3.14,79.77200000000003
Ust'-Koksa,24,RU,1586680135,43,50.27,85.61,281.73,2.1,47.444000000000074
São Miguel do Araguaia,92,BR,1586680135,87,-13.28,-50.16,294.0,1.06,69.53000000000004
Te Anau,99,NZ,1586680136,81,-45.42,167.72,285.36,2.1,53.978000000000065
Goālpāra,0,IN,1586679911,15,26.17,90.62,309.99,3.3,98.31200000000005
Meulaboh,100,ID,1586680137,74,4.14,96.13,302.31,1.55,84.48800000000004
Ipixuna,20,BR,1586680137,100,-1.76,-48.8,297.15,0.74,75.2
Soe,99,ID,1586680138,83,-9.86,124.28,294.03,0.62,69.58399999999999
Santa Cruz,90,MA,1586679957,88,30.42,-9.6,290.15,0.47,62.6
San Quintín,47,MX,1586680139,82,30.48,-115.95,287.58,5.74,57.97400000000001
Iberia,90,US,1586680139,94,29.95,-91.75,296.15,5.7,73.4
Burgeo,38,CA,1586680139,96,47.62,-57.62,272.86,6.79,31.478000000000065
Río Cuarto,88,AR,1586680140,76,-33.13,-64.35,287.15,3.1,57.2
Aloleng,47,PH,1586680140,72,16.13,119.78,301.24,8.05,82.56200000000005
Sakakah,0,SA,1586680141,28,29.97,40.21,294.15,1.91,69.8
Port Hedland,37,AU,1586680142,55,-20.32,118.57,305.15,8.2,89.6
Narsaq,100,GL,1586680142,35,60.92,-46.05,279.15,27.8,42.8
Banda Aceh,97,ID,1586680142,69,5.56,95.32,303.23,0.7,86.14400000000008
Nizwá,41,OM,1586680143,20,22.93,57.53,305.21,3.92,89.708
Port Macquarie,0,AU,1586680143,63,-31.43,152.92,290.15,3.6,62.6
Namie,40,JP,1586680144,71,37.48,141.0,284.26,4.6,51.998000000000026
Kieta,86,PG,1586680146,75,-6.22,155.63,300.98,0.81,82.09400000000008
Sebrovo,100,RU,1586680147,62,50.1,43.3,279.26,6.26,42.998000000000026
Batemans Bay,0,AU,1586680147,78,-35.72,150.18,289.26,0.79,60.998000000000026
Saint-François,0,FR,1586680147,54,46.42,3.91,289.26,1.5,60.998000000000026
Beloha,89,MG,1586680148,40,-25.17,45.05,304.63,2.04,88.66400000000003
Aripuanã,100,BR,1586680148,95,-9.17,-60.63,296.07,1.44,73.25600000000003
Sawākin,65,SD,1586680149,48,19.11,37.33,299.3,6.64,79.07000000000006
Khorixas,0,NA,1586680150,32,-20.37,14.97,301.72,4.56,83.42600000000009
Iquitos,40,PE,1586680150,94,-3.75,-73.25,297.15,1.5,75.2
Sinnamary,100,GF,1586680150,78,5.38,-52.95,299.28,6.35,79.03399999999999
Pangnirtung,100,CA,1586680151,90,66.15,-65.71,267.99,4.47,22.712000000000057
Beira,75,MZ,1586680151,55,-19.84,34.84,303.15,2.6,86.0
Winneba,80,GH,1586680008,83,5.35,-0.62,300.15,3.1,80.6
Tshela,85,CD,1586680152,88,-4.98,12.93,299.07,1.67,78.65600000000003
Kuala Terengganu,20,MY,1586680152,66,5.33,103.14,306.15,3.1,91.4
Kiryat Gat,40,IL,1586680153,56,31.61,34.76,293.15,1.0,68.0
Grand Gaube,40,MU,1586680153,66,-20.01,57.66,302.15,8.2,84.2
Kommunar,40,RU,1586680154,48,59.62,30.39,279.15,4.0,42.8
Tianpeng,40,CN,1586680154,29,30.99,103.94,297.15,4.0,75.2
North Platte,90,US,1586680155,86,41.12,-100.77,274.15,11.3,33.8
South Lake Tahoe,20,US,1586680155,39,38.93,-119.98,285.15,1.23,53.6
Tutin,0,RS,1586680155,35,42.99,20.33,287.83,1.11,58.424000000000014
Touros,40,BR,1586680156,94,-5.2,-35.46,297.15,2.1,75.2
Coyhaique,75,CL,1586680000,75,-45.58,-72.07,281.15,3.1,46.4
Hirara,75,JP,1586680157,59,24.8,125.28,291.15,8.7,64.4
Portland,1,US,1586680125,61,45.52,-122.68,282.15,1.24,48.2
Tulun,1,RU,1586680157,41,54.56,100.58,281.48,3.41,46.99400000000007
Meaford,40,CA,1586680158,60,44.6,-80.58,280.37,6.2,44.99600000000005
Messíni,2,GR,1586680158,30,37.05,22.01,295.15,2.1,71.6
Pisco,20,PE,1586680159,83,-13.7,-76.22,294.15,5.1,69.8
Balkhash,40,KZ,1586680159,29,46.84,74.98,290.15,7.0,62.6
Barra do Garças,57,BR,1586680160,83,-15.89,-52.26,294.58,0.61,70.57400000000001
Ayan,2,RU,1586680160,87,56.45,138.17,273.93,1.72,33.40400000000005
Quatre Cocos,40,MU,1586680160,66,-20.21,57.76,302.15,8.2,84.2
Verkhnyaya Inta,75,RU,1586680161,92,65.98,60.31,270.55,0.74,27.32000000000006
Tautira,75,PF,1586680162,78,-17.73,-149.15,300.15,1.5,80.6
Andenes,100,NO,1586680163,80,69.31,16.12,273.15,7.2,32.0
Bauska,75,LV,1586680163,45,56.41,24.19,281.15,7.2,46.4
Krosno,27,PL,1586680164,40,49.69,21.77,288.15,2.1,59.0
Murrieta,90,US,1586680164,93,33.55,-117.21,288.15,1.5,59.0
Salinópolis,100,BR,1586680165,83,-0.61,-47.36,300.11,4.19,80.52800000000006
Aswān,0,EG,1586680165,15,24.09,32.91,295.15,5.7,71.6
Raudeberg,100,NO,1586680166,87,61.99,5.14,279.15,9.3,42.8
Harindānga,20,IN,1586680166,70,22.04,88.32,306.15,3.1,91.4
Mountain Home,1,US,1586680167,29,43.13,-115.69,277.15,9.3,39.2
Payo,80,ID,1586680167,70,-3.75,103.64,304.03,1.05,87.58399999999999
Gornopravdinsk,48,RU,1586680168,76,60.05,69.9,283.73,2.11,51.044000000000075
Ambon City,40,ID,1586680168,70,-3.7,128.18,304.15,2.1,87.8
Morondava,100,MG,1586680169,56,-20.28,44.28,303.77,0.94,87.11600000000001
Ketchikan,1,US,1586680158,69,55.34,-131.65,277.15,3.1,39.2
Taganak,20,PH,1586680172,66,6.08,118.3,304.15,5.1,87.8
Cervo,84,ES,1586680173,1,43.67,-7.41,287.59,0.93,57.992
Itaituba,97,BR,1586680173,95,-4.28,-55.98,296.42,0.4,73.88600000000007
City of San Pedro,90,PH,1586680173,70,14.35,121.02,304.82,6.2,89.00600000000003
Mandalgovi,99,MN,1586680174,18,45.76,106.27,285.76,7.22,54.69800000000002
Zhangaözen,0,KZ,1586680174,34,43.3,52.8,286.91,7.03,56.768000000000086
Miles City,90,US,1586680123,73,46.41,-105.84,268.15,6.2,23.0
Ormara,18,PK,1586680175,37,25.21,64.64,303.56,5.13,86.73800000000004
Karaton,40,ID,1586680176,66,-6.34,106.1,305.15,5.7,89.6
Mariehamn,90,AX,1586680176,100,60.1,19.93,278.15,6.2,41.0
Severodvinsk,0,RU,1586680177,43,64.56,39.83,274.15,2.0,33.8
Krasnosel'kup,100,RU,1586680178,99,65.7,82.47,272.12,1.96,30.14600000000005
Vieux-Habitants,20,GP,1586680178,88,16.06,-61.77,297.15,2.6,75.2
Pacific Grove,90,US,1586680155,82,36.62,-121.92,286.48,2.6,55.99400000000007
Arfará,1,GR,1586680179,30,37.15,22.03,295.15,2.1,71.6
Maceió,60,BR,1586680179,82,-9.67,-35.74,299.04,2.56,78.60200000000007
Hay River,5,CA,1586680180,71,60.82,-115.8,257.15,1.5,3.1999999999999993
Isla Mujeres,20,MX,1586680180,78,21.23,-86.73,300.15,7.2,80.6
Tonkino,100,RU,1586680181,74,57.37,46.46,275.12,7.34,35.54600000000005
Panabá,8,MX,1586680181,93,21.28,-88.27,296.39,4.77,73.83200000000002
Cauquenes,1,CL,1586680182,76,-35.97,-72.32,279.39,1.6,43.23200000000001
Baracoa,18,CU,1586680182,81,20.35,-74.5,298.97,4.49,78.47600000000008
Leh,74,IN,1586680183,11,34.17,77.58,281.84,1.07,47.641999999999996
Woodstock,90,CA,1586680076,75,43.13,-80.75,279.82,3.6,44.00600000000003
New Corella,20,PH,1586680184,49,7.6,125.87,306.15,3.6,91.4
Dongsheng,0,CN,1586680184,16,39.82,109.98,285.31,2.47,53.88800000000005
Rustenburg,0,ZA,1586680185,20,-25.67,27.24,299.66,3.89,79.71800000000009
Kendari,54,ID,1586680185,82,-3.94,122.5,300.51,1.89,81.24800000000002
Urupês,0,BR,1586680001,68,-21.2,-49.29,293.15,3.6,68.0
Nyzy,0,UA,1586680186,48,50.78,34.78,280.93,4.7,46.004000000000055
Araouane,31,ML,1586680186,9,18.9,-3.53,308.82,4.24,96.20600000000003
Imbituba,7,BR,1586680187,63,-28.24,-48.67,289.15,1.5,60.8
Capinópolis,0,BR,1586680187,64,-18.68,-49.57,290.56,1.25,63.338000000000044
Fenoarivo,75,MG,1586680188,68,-18.93,47.44,295.15,5.1,71.6
Egvekinot,0,RU,1586680188,83,66.32,-179.17,261.11,1.2,10.328000000000067
Pirenópolis,75,BR,1586680189,82,-15.85,-48.96,292.15,1.0,66.2
Moyale,98,KE,1586680189,53,3.52,39.06,298.01,3.97,76.74800000000002
Bubaque,4,GW,1586680190,73,11.28,-15.83,298.89,2.18,78.33200000000002
Coahuayana Viejo,71,MX,1586680190,64,18.73,-103.68,295.6,0.87,72.41000000000008
General Roca,80,AR,1586680191,76,-39.03,-67.58,284.15,2.1,51.8
Kentau,100,KZ,1586680191,77,43.52,68.51,289.07,5.22,60.65600000000003
Qalyub,40,EG,1586680192,68,30.18,31.21,291.15,2.1,64.4
Oussouye,40,SN,1586680192,88,12.48,-16.55,296.15,3.1,73.4
Marrakesh,75,MA,1586680192,87,31.63,-8.01,287.15,2.6,57.2
Charters Towers,7,AU,1586680193,29,-20.1,146.27,298.85,2.56,78.26000000000008
Talcahuano,0,CL,1586680194,87,-36.72,-73.12,281.15,1.0,46.4
Pemangkat,88,ID,1586680195,82,1.17,108.97,301.28,4.91,82.63399999999999
Katsuura,75,JP,1586680195,76,35.13,140.3,286.15,5.7,55.4
Kashgar,0,CN,1586680196,8,39.45,75.98,297.15,2.0,75.2
Kavaratti,40,IN,1586680196,63,10.57,72.64,306.15,2.1,91.4
Ust-Kuyga,64,RU,1586680199,90,70.02,135.6,260.86,3.9,9.878000000000064
Bozoum,84,CF,1586680199,41,6.32,16.38,303.2,2.1,86.09000000000002
Panórama,9,GR,1586680200,59,40.59,23.03,291.48,2.1,64.99400000000007
Yima,0,CN,1586680200,17,34.74,111.88,293.58,4.97,68.77400000000002
Ahipara,68,NZ,1586680200,79,-35.17,173.17,293.14,10.93,67.98200000000001
Erenhot,0,CN,1586680201,16,43.65,111.98,288.45,3.66,59.54000000000002
Arrondissement de Rennes,0,FR,1586680201,63,48.17,-1.67,289.82,1.5,62.00600000000003
Thunder Bay,20,CA,1586679956,74,48.4,-89.32,271.48,2.1,28.994000000000074
Bourail,68,NC,1586680202,81,-21.57,165.48,296.9,0.65,74.75
Tavda,97,RU,1586680203,59,58.04,65.27,284.33,3.23,52.12400000000001
